x,y,yaw
0.0,0.0,0.0
0.01993288590604027,0.0,0.0
0.03986577181208054,0.0,0.0
0.05979865771812082,0.0,0.0
0.07973154362416109,0.0,0.0
0.09966442953020135,0.0,0.0
0.11959731543624162,0.0,0.0
0.1395302013422819,0.0,0.0
0.15946308724832217,0.0,0.0
0.17939597315436245,0.0,0.0
0.19932885906040274,0.0,0.0
0.21926174496644302,0.0,0.0
0.2391946308724833,0.0,0.0
0.2591275167785236,0.0,0.0
0.27906040268456384,0.0,0.0
0.2989932885906041,0.0,0.0
0.31892617449664434,0.0,0.0
0.3388590604026846,0.0,0.0
0.35879194630872485,0.0,0.0
0.3787248322147651,0.0,0.0
0.39865771812080536,0.0,0.0
0.4185906040268456,0.0,0.0
0.43852348993288587,0.0,0.0
0.4584563758389261,0.0,0.0
0.4783892617449664,0.0,0.0
0.49832214765100663,0.0,0.0
0.5182550335570469,0.0,0.0
0.5381879194630872,0.0,0.0
0.5581208053691274,0.0,0.0
0.5780536912751677,0.0,0.0
0.597986577181208,0.0,0.0
0.6179194630872482,0.0,0.0
0.6378523489932885,0.0,0.0
0.6577852348993287,0.0,0.0
0.677718120805369,0.0,0.0
0.6976510067114092,0.0,0.0
0.7175838926174495,0.0,0.0
0.7375167785234897,0.0,0.0
0.75744966442953,0.0,0.0
0.7773825503355702,0.0,0.0
0.7973154362416105,0.0,0.0
0.8172483221476508,0.0,0.0
0.837181208053691,0.0,0.0
0.8571140939597313,0.0,0.0
0.8770469798657715,0.0,0.0
0.8969798657718118,0.0,0.0
0.916912751677852,0.0,0.0
0.9368456375838923,0.0,0.0
0.9567785234899325,0.0,0.0
0.9767114093959728,0.0,0.0
0.996644295302013,0.0,0.0
1.0165771812080533,0.0,0.0
1.0365100671140937,0.0,0.0
1.056442953020134,0.0,0.0
1.0763758389261744,0.0,0.0
1.0963087248322148,0.0,0.0
1.1162416107382551,0.0,0.0
1.1361744966442955,0.0,0.0
1.1561073825503358,0.0,0.0
1.1760402684563762,0.0,0.0
1.1959731543624166,0.0,0.0
1.215906040268457,0.0,0.0
1.2358389261744973,0.0,0.0
1.2557718120805377,0.0,0.0
1.275704697986578,0.0,0.0
1.2956375838926184,0.0,0.0
1.3155704697986588,0.0,0.0
1.3355033557046991,0.0,0.0
1.3554362416107395,0.0,0.0
1.3753691275167799,0.0,0.0
1.3953020134228202,0.0,0.0
1.4152348993288606,0.0,0.0
1.435167785234901,0.0,0.0
1.4551006711409413,0.0,0.0
1.4750335570469817,0.0,0.0
1.494966442953022,0.0,0.0
1.5148993288590624,0.0,0.0
1.5348322147651028,0.0,0.0
1.5547651006711432,0.0,0.0
1.5746979865771835,0.0,0.0
1.5946308724832239,0.0,0.0
1.6145637583892642,0.0,0.0
1.6344966442953046,0.0,0.0
1.654429530201345,0.0,0.0
1.6743624161073853,0.0,0.0
1.6942953020134257,0.0,0.0
1.714228187919466,0.0,0.0
1.7341610738255064,0.0,0.0
1.7540939597315468,0.0,0.0
1.7740268456375872,0.0,0.0
1.7939597315436275,0.0,0.0
1.813892617449668,0.0,0.0
1.8338255033557083,0.0,0.0
1.8537583892617486,0.0,0.0
1.873691275167789,0.0,0.0
1.8936241610738294,0.0,0.0
1.9135570469798697,0.0,0.0
1.93348993288591,0.0,0.0
1.9534228187919505,0.0,0.0
1.9733557046979908,0.0,0.0
1.9932885906040312,0.0,0.0
2.0132214765100716,0.0,0.0
2.033154362416112,0.0,0.0
2.0530872483221523,0.0,0.0
2.0730201342281926,0.0,0.0
2.092953020134233,0.0,0.0
2.1128859060402734,0.0,0.0
2.1328187919463137,0.0,0.0
2.152751677852354,0.0,0.0
2.1726845637583945,0.0,0.0
2.192617449664435,0.0,0.0
2.212550335570475,0.0,0.0
2.2324832214765156,0.0,0.0
2.252416107382556,0.0,0.0
2.2723489932885963,0.0,0.0
2.2922818791946367,0.0,0.0
2.312214765100677,0.0,0.0
2.3321476510067174,0.0,0.0
2.3520805369127578,0.0,0.0
2.372013422818798,0.0,0.0
2.3919463087248385,0.0,0.0
2.411879194630879,0.0,0.0
2.431812080536919,0.0,0.0
2.4517449664429596,0.0,0.0
2.471677852349,0.0,0.0
2.4916107382550403,0.0,0.0
2.5115436241610807,0.0,0.0
2.531476510067121,0.0,0.0
2.5514093959731614,0.0,0.0
2.5713422818792018,0.0,0.0
2.591275167785242,0.0,0.0
2.6112080536912825,0.0,0.0
2.631140939597323,0.0,0.0
2.6510738255033632,0.0,0.0
2.6710067114094036,0.0,0.0
2.690939597315444,0.0,0.0
2.7108724832214843,0.0,0.0
2.7308053691275247,0.0,0.0
2.750738255033565,0.0,0.0
2.7706711409396054,0.0,0.0
2.790604026845646,0.0,0.0
2.810536912751686,0.0,0.0
2.8304697986577265,0.0,0.0
2.850402684563767,0.0,0.0
2.8703355704698073,0.0,0.0
2.8902684563758476,0.0,0.0
2.910201342281888,0.0,0.0
2.9301342281879283,0.0,0.0
2.9500671140939687,0.0,0.0
2.970000000000009,0.0,0.0
2.988906951568162,-0.0033338056844136213,-0.17453292519943295
3.0069477547765118,-0.00990012105450703,-0.3490658503988659
3.0235742489486586,-0.01949943194047584,-0.5235987755982988
3.0382812464725943,-0.03184006813853558,-0.6981317007977318
3.050621882670654,-0.046547065662471424,-0.8726646259971648
3.0602211935566226,-0.06317355983461842,-1.0471975511965976
3.066787508926716,-0.08121436304296789,-1.2217304763960306
3.0701213146111295,-0.10012131461112103,-1.3962634015954636
3.0701213146111295,-0.11931993638305866,-1.5707963267948966
3.0701213146111295,-0.13931993638305865,-1.5707963267948966
3.0701213146111295,-0.15931993638305864,-1.5707963267948966
3.0701213146111295,-0.17931993638305863,-1.5707963267948966
3.0701213146111295,-0.19931993638305862,-1.5707963267948966
3.0701213146111295,-0.2193199363830586,-1.5707963267948966
3.0701213146111295,-0.2393199363830586,-1.5707963267948966
3.0701213146111295,-0.2593199363830586,-1.5707963267948966
3.0701213146111295,-0.27931993638305863,-1.5707963267948966
3.0701213146111295,-0.29931993638305865,-1.5707963267948966
3.0701213146111295,-0.31931993638305867,-1.5707963267948966
3.0701213146111295,-0.3393199363830587,-1.5707963267948966
3.0701213146111295,-0.3593199363830587,-1.5707963267948966
3.0701213146111295,-0.3793199363830587,-1.5707963267948966
3.0701213146111295,-0.39931993638305874,-1.5707963267948966
3.0701213146111295,-0.41931993638305876,-1.5707963267948966
3.0701213146111295,-0.4393199363830588,-1.5707963267948966
3.0701213146111295,-0.4593199363830588,-1.5707963267948966
3.0701213146111295,-0.4793199363830588,-1.5707963267948966
3.0701213146111295,-0.4993199363830588,-1.5707963267948966
3.0701213146111295,-0.5193199363830588,-1.5707963267948966
3.0701213146111295,-0.5393199363830589,-1.5707963267948966
3.0701213146111295,-0.5593199363830589,-1.5707963267948966
3.0701213146111295,-0.5793199363830589,-1.5707963267948966
3.0701213146111295,-0.5993199363830589,-1.5707963267948966
3.0701213146111295,-0.6193199363830589,-1.5707963267948966
3.0701213146111295,-0.639319936383059,-1.5707963267948966
3.0701213146111295,-0.659319936383059,-1.5707963267948966
3.0701213146111295,-0.679319936383059,-1.5707963267948966
3.0701213146111295,-0.699319936383059,-1.5707963267948966
3.0701213146111295,-0.719319936383059,-1.5707963267948966
3.0701213146111295,-0.739319936383059,-1.5707963267948966
3.0701213146111295,-0.7593199363830591,-1.5707963267948966
3.0701213146111295,-0.7793199363830591,-1.5707963267948966
3.0701213146111295,-0.7993199363830591,-1.5707963267948966
3.0701213146111295,-0.8193199363830591,-1.5707963267948966
3.0701213146111295,-0.8393199363830591,-1.5707963267948966
3.0701213146111295,-0.8593199363830591,-1.5707963267948966
3.0701213146111295,-0.8793199363830592,-1.5707963267948966
3.0701213146111295,-0.8993199363830592,-1.5707963267948966
3.0701213146111295,-0.9193199363830592,-1.5707963267948966
3.0701213146111295,-0.9393199363830592,-1.5707963267948966
3.0701213146111295,-0.9593199363830592,-1.5707963267948966
3.0701213146111295,-0.9793199363830593,-1.5707963267948966
3.0701213146111295,-0.9993199363830593,-1.5707963267948966
3.0701213146111295,-1.0193199363830592,-1.5707963267948966
3.0701213146111295,-1.0393199363830592,-1.5707963267948966
3.0701213146111295,-1.0593199363830592,-1.5707963267948966
3.0701213146111295,-1.0793199363830592,-1.5707963267948966
3.0701213146111295,-1.0993199363830592,-1.5707963267948966
3.0701213146111295,-1.1193199363830593,-1.5707963267948966
3.0701213146111295,-1.1393199363830593,-1.5707963267948966
3.0701213146111295,-1.1593199363830593,-1.5707963267948966
3.0701213146111295,-1.1793199363830593,-1.5707963267948966
3.0701213146111295,-1.1993199363830593,-1.5707963267948966
3.0701213146111295,-1.2193199363830594,-1.5707963267948966
3.0701213146111295,-1.2393199363830594,-1.5707963267948966
3.0701213146111295,-1.2593199363830594,-1.5707963267948966
3.0701213146111295,-1.2793199363830594,-1.5707963267948966
3.0701213146111295,-1.2993199363830594,-1.5707963267948966
3.0701213146111295,-1.3193199363830594,-1.5707963267948966
3.0701213146111295,-1.3393199363830595,-1.5707963267948966
3.0701213146111295,-1.3593199363830595,-1.5707963267948966
3.0701213146111295,-1.3793199363830595,-1.5707963267948966
3.0701213146111295,-1.3993199363830595,-1.5707963267948966
3.0701213146111295,-1.4193199363830595,-1.5707963267948966
3.0701213146111295,-1.4393199363830596,-1.5707963267948966
3.0701213146111295,-1.4593199363830596,-1.5707963267948966
3.0701213146111295,-1.4793199363830596,-1.5707963267948966
3.0701213146111295,-1.4993199363830596,-1.5707963267948966
3.0701213146111295,-1.5193199363830596,-1.5707963267948966
3.0701213146111295,-1.5393199363830596,-1.5707963267948966
3.0701213146111295,-1.5593199363830597,-1.5707963267948966
3.0701213146111295,-1.5793199363830597,-1.5707963267948966
3.0701213146111295,-1.5993199363830597,-1.5707963267948966
3.0701213146111295,-1.6193199363830597,-1.5707963267948966
3.0701213146111295,-1.6393199363830597,-1.5707963267948966
3.0701213146111295,-1.6593199363830597,-1.5707963267948966
3.0701213146111295,-1.6793199363830598,-1.5707963267948966
3.0701213146111295,-1.6993199363830598,-1.5707963267948966
3.0701213146111295,-1.7193199363830598,-1.5707963267948966
3.0701213146111295,-1.7393199363830598,-1.5707963267948966
3.0701213146111295,-1.7593199363830598,-1.5707963267948966
3.0701213146111295,-1.7793199363830599,-1.5707963267948966
3.0701213146111295,-1.7993199363830599,-1.5707963267948966
3.0701213146111295,-1.8193199363830599,-1.5707963267948966
3.0701213146111295,-1.83931993638306,-1.5707963267948966
3.0701213146111295,-1.85931993638306,-1.5707963267948966
3.0701213146111295,-1.87931993638306,-1.5707963267948966
3.0701213146111295,-1.89931993638306,-1.5707963267948966
3.0701213146111295,-1.91931993638306,-1.5707963267948966
3.0701213146111295,-1.93931993638306,-1.5707963267948966
3.0701213146111295,-1.95931993638306,-1.5707963267948966
3.0701213146111295,-1.97931993638306,-1.5707963267948966
3.0701213146111295,-1.99931993638306,-1.5707963267948966
3.0701213146111295,-2.01931993638306,-1.5707963267948966
3.0701213146111295,-2.03931993638306,-1.5707963267948966
3.0701213146111295,-2.05931993638306,-1.5707963267948966
3.0701213146111295,-2.07931993638306,-1.5707963267948966
3.0701213146111295,-2.09931993638306,-1.5707963267948966
3.0701213146111295,-2.11931993638306,-1.5707963267948966
3.0701213146111295,-2.13931993638306,-1.5707963267948966
3.0701213146111295,-2.15931993638306,-1.5707963267948966
3.0701213146111295,-2.17931993638306,-1.5707963267948966
3.0701213146111295,-2.19931993638306,-1.5707963267948966
3.0701213146111295,-2.21931993638306,-1.5707963267948966
3.0701213146111295,-2.23931993638306,-1.5707963267948966
3.0701213146111295,-2.25931993638306,-1.5707963267948966
3.0701213146111295,-2.27931993638306,-1.5707963267948966
3.0701213146111295,-2.29931993638306,-1.5707963267948966
3.0701213146111295,-2.31931993638306,-1.5707963267948966
3.066787508926716,-2.338226887951213,-1.7453292519943295
3.0602211935566226,-2.356267691159563,-1.9198621771937625
3.050621882670654,-2.3728941853317096,-2.0943951023931953
3.0382812464725943,-2.3876011828556454,-2.268928027592628
3.0235742489486586,-2.399941819053705,-2.4434609527920608
3.0069477547765118,-2.4095411299396736,-2.6179938779914935
2.988906951568162,-2.416107445309767,-2.7925268031909263
2.970000000000009,-2.4194412509941805,-2.967059728390359
2.9508013782280713,-2.4194412509941805,-3.141592653589792
2.9308013782280713,-2.4194412509941805,-3.141592653589792
2.9108013782280713,-2.4194412509941805,-3.141592653589792
2.8908013782280713,-2.4194412509941805,-3.141592653589792
2.8708013782280712,-2.4194412509941805,-3.141592653589792
2.8508013782280712,-2.4194412509941805,-3.141592653589792
2.830801378228071,-2.4194412509941805,-3.141592653589792
2.810801378228071,-2.4194412509941805,-3.141592653589792
2.790801378228071,-2.4194412509941805,-3.141592653589792
2.770801378228071,-2.4194412509941805,-3.141592653589792
2.750801378228071,-2.4194412509941805,-3.141592653589792
2.730801378228071,-2.4194412509941805,-3.141592653589792
2.711894426659918,-2.416107445309767,-3.3161255787892245
2.6938536234515684,-2.4095411299396736,-3.4906585039886573
2.677227129279421,-2.399941819053705,-3.66519142918809
2.6625201317554854,-2.3876011828556454,-3.839724354387523
2.650179495557426,-2.3728941853317096,-4.014257279586956
2.640580184671457,-2.356267691159563,-4.188790204786389
2.6340138693013637,-2.338226887951213,-4.3633231299858215
2.63068006361695,-2.31931993638306,-4.537856055185254
2.63068006361695,-2.3001213146111223,-4.712388980384687
2.627346257932536,-2.2812143630429693,-4.537856055185254
2.6207799425624425,-2.2631735598346197,-4.3633231299858215
2.611180631676474,-2.246547065662473,-4.188790204786389
2.5988399954784143,-2.231840068138537,-4.014257279586956
2.5841329979544785,-2.2194994319404775,-3.8397243543875232
2.5675065037823313,-2.209900121054509,-3.6651914291880905
2.5494657005739816,-2.2033338056844154,-3.4906585039886577
2.5305587490058286,-2.200000000000002,-3.316125578789225
2.511360127233891,-2.200000000000002,-3.1415926535897922
2.4913601272338908,-2.200000000000002,-3.1415926535897922
2.4713601272338908,-2.200000000000002,-3.1415926535897922
2.4513601272338907,-2.200000000000002,-3.1415926535897922
2.4313601272338907,-2.200000000000002,-3.1415926535897922
2.4113601272338907,-2.200000000000002,-3.1415926535897922
2.3913601272338907,-2.200000000000002,-3.1415926535897922
2.3713601272338907,-2.200000000000002,-3.1415926535897922
2.3513601272338907,-2.200000000000002,-3.1415926535897922
2.3313601272338906,-2.200000000000002,-3.1415926535897922
2.3113601272338906,-2.200000000000002,-3.1415926535897922
2.2913601272338906,-2.200000000000002,-3.1415926535897922
2.2724531756657376,-2.1966661943155885,-3.316125578789225
2.254412372457388,-2.190099878945495,-3.4906585039886577
2.2377858782852407,-2.1805005680595264,-3.6651914291880905
2.223078880761305,-2.168159931861467,-3.8397243543875232
2.2107382445632453,-2.153452934337531,-4.014257279586956
2.2011389336772766,-2.1368264401653843,-4.188790204786389
2.194572618307183,-2.1187856369570346,-4.3633231299858215
2.1912388126227693,-2.0998786853888816,-4.537856055185254
2.1912388126227693,-2.080680063616944,-4.712388980384687
2.1912388126227693,-2.060680063616944,-4.712388980384687
2.1912388126227693,-2.0406800636169438,-4.712388980384687
2.1912388126227693,-2.0206800636169437,-4.712388980384687
2.1912388126227693,-2.0006800636169437,-4.712388980384687
2.1912388126227693,-1.9806800636169437,-4.712388980384687
2.1912388126227693,-1.9606800636169437,-4.712388980384687
2.1912388126227693,-1.9406800636169437,-4.712388980384687
2.1912388126227693,-1.9206800636169437,-4.712388980384687
2.1912388126227693,-1.9006800636169436,-4.712388980384687
2.1912388126227693,-1.8806800636169436,-4.712388980384687
2.1912388126227693,-1.8606800636169436,-4.712388980384687
2.1912388126227693,-1.8406800636169436,-4.712388980384687
2.1912388126227693,-1.8206800636169436,-4.712388980384687
2.1912388126227693,-1.8006800636169435,-4.712388980384687
2.1912388126227693,-1.7806800636169435,-4.712388980384687
2.1912388126227693,-1.7606800636169435,-4.712388980384687
2.1912388126227693,-1.7406800636169435,-4.712388980384687
2.1912388126227693,-1.7206800636169435,-4.712388980384687
2.1912388126227693,-1.7006800636169435,-4.712388980384687
2.1912388126227693,-1.6806800636169434,-4.712388980384687
2.1912388126227693,-1.6606800636169434,-4.712388980384687
2.1912388126227693,-1.6406800636169434,-4.712388980384687
2.1912388126227693,-1.6206800636169434,-4.712388980384687
2.1912388126227693,-1.6006800636169434,-4.712388980384687
2.1912388126227693,-1.5806800636169434,-4.712388980384687
2.1912388126227693,-1.5606800636169433,-4.712388980384687
2.1912388126227693,-1.5406800636169433,-4.712388980384687
2.1912388126227693,-1.5206800636169433,-4.712388980384687
2.1912388126227693,-1.5006800636169433,-4.712388980384687
2.1912388126227693,-1.4806800636169433,-4.712388980384687
2.1912388126227693,-1.4606800636169432,-4.712388980384687
2.1912388126227693,-1.4406800636169432,-4.712388980384687
2.1912388126227693,-1.4206800636169432,-4.712388980384687
2.1912388126227693,-1.4006800636169432,-4.712388980384687
2.1912388126227693,-1.3806800636169432,-4.712388980384687
2.1912388126227693,-1.3606800636169432,-4.712388980384687
2.1912388126227693,-1.3406800636169431,-4.712388980384687
2.1912388126227693,-1.3206800636169431,-4.712388980384687
2.1912388126227693,-1.300680063616943,-4.712388980384687
2.1912388126227693,-1.280680063616943,-4.712388980384687
2.1912388126227693,-1.260680063616943,-4.712388980384687
2.1912388126227693,-1.240680063616943,-4.712388980384687
2.1912388126227693,-1.220680063616943,-4.712388980384687
2.1912388126227693,-1.200680063616943,-4.712388980384687
2.1879050069383554,-1.18177311204879,-4.537856055185254
2.181338691568262,-1.1637323088404405,-4.3633231299858215
2.1717393806822933,-1.1471058146682935,-4.188790204786389
2.1593987444842337,-1.1323988171443577,-4.014257279586956
2.144691746960298,-1.120058180946298,-3.8397243543875232
2.1280652527881507,-1.110458870060329,-3.6651914291880905
2.110024449579801,-1.1038925546902356,-3.4906585039886577
2.091117498011648,-1.100558749005822,-3.316125578789225
2.0719188762397103,-1.100558749005822,-3.1415926535897922
2.0519188762397103,-1.100558749005822,-3.1415926535897922
2.0319188762397102,-1.100558749005822,-3.1415926535897922
2.01191887623971,-1.100558749005822,-3.1415926535897922
1.9919188762397102,-1.100558749005822,-3.1415926535897922
1.9719188762397102,-1.100558749005822,-3.1415926535897922
1.9519188762397102,-1.100558749005822,-3.1415926535897922
1.9319188762397101,-1.100558749005822,-3.1415926535897922
1.9119188762397101,-1.100558749005822,-3.1415926535897922
1.8919188762397101,-1.100558749005822,-3.1415926535897922
1.87191887623971,-1.100558749005822,-3.1415926535897922
1.85191887623971,-1.100558749005822,-3.1415926535897922
1.8330119246715568,-1.0972249433214083,-3.316125578789225
1.8149711214632074,-1.0906586279513149,-3.4906585039886577
1.7983446272910604,-1.081059317065346,-3.6651914291880905
1.7836376297671246,-1.0687186808672862,-3.8397243543875232
1.7712969935690648,-1.0540116833433504,-4.014257279586956
1.761697682683096,-1.0373851891712034,-4.188790204786389
1.7551313673130025,-1.019344385962854,-4.3633231299858215
1.7517975616285888,-1.000437434394701,-4.537856055185254
1.7517975616285888,-0.9812388126227632,-4.712388980384687
1.7517975616285888,-0.9612388126227632,-4.712388980384687
1.7517975616285888,-0.9412388126227632,-4.712388980384687
1.7517975616285888,-0.9212388126227632,-4.712388980384687
1.7517975616285888,-0.9012388126227632,-4.712388980384687
1.7517975616285888,-0.8812388126227632,-4.712388980384687
1.7517975616285888,-0.8612388126227631,-4.712388980384687
1.7517975616285888,-0.8412388126227631,-4.712388980384687
1.7517975616285888,-0.8212388126227631,-4.712388980384687
1.7517975616285888,-0.8012388126227631,-4.712388980384687
1.7517975616285888,-0.7812388126227631,-4.712388980384687
1.7517975616285888,-0.761238812622763,-4.712388980384687
1.7517975616285888,-0.741238812622763,-4.712388980384687
1.7517975616285888,-0.721238812622763,-4.712388980384687
1.7517975616285888,-0.701238812622763,-4.712388980384687
1.7517975616285888,-0.681238812622763,-4.712388980384687
1.7517975616285888,-0.661238812622763,-4.712388980384687
1.7517975616285888,-0.6412388126227629,-4.712388980384687
1.7517975616285888,-0.6212388126227629,-4.712388980384687
1.7517975616285888,-0.6012388126227629,-4.712388980384687
1.7517975616285888,-0.5812388126227629,-4.712388980384687
1.7517975616285888,-0.5612388126227629,-4.712388980384687
1.7517975616285888,-0.5412388126227629,-4.712388980384687
1.7484637559441751,-0.5223318610546097,-4.537856055185254
1.7418974405740817,-0.5042910578462603,-4.3633231299858215
1.7322981296881128,-0.4876645636741133,-4.188790204786389
1.719957493490053,-0.4729575661501775,-4.014257279586956
1.7052504959661172,-0.4606169299521178,-3.8397243543875232
1.6886240017939702,-0.451017619066149,-3.6651914291880905
1.6705831985856208,-0.4444513036960556,-3.4906585039886577
1.6516762470174675,-0.441117498011642,-3.316125578789225
1.63247762524553,-0.441117498011642,-3.1415926535897922
1.61247762524553,-0.441117498011642,-3.1415926535897922
1.59247762524553,-0.441117498011642,-3.1415926535897922
1.57247762524553,-0.441117498011642,-3.1415926535897922
1.55247762524553,-0.441117498011642,-3.1415926535897922
1.5324776252455299,-0.441117498011642,-3.1415926535897922
1.5124776252455299,-0.441117498011642,-3.1415926535897922
1.4924776252455298,-0.441117498011642,-3.1415926535897922
1.4724776252455298,-0.441117498011642,-3.1415926535897922
1.4524776252455298,-0.441117498011642,-3.1415926535897922
1.4324776252455298,-0.441117498011642,-3.1415926535897922
1.4124776252455298,-0.441117498011642,-3.1415926535897922
1.3924776252455298,-0.441117498011642,-3.1415926535897922
1.3724776252455297,-0.441117498011642,-3.1415926535897922
1.3524776252455297,-0.441117498011642,-3.1415926535897922
1.3324776252455297,-0.441117498011642,-3.1415926535897922
1.3124776252455297,-0.441117498011642,-3.1415926535897922
1.2924776252455297,-0.441117498011642,-3.1415926535897922
1.2724776252455297,-0.441117498011642,-3.1415926535897922
1.2524776252455296,-0.441117498011642,-3.1415926535897922
1.2324776252455296,-0.441117498011642,-3.1415926535897922
1.2124776252455296,-0.441117498011642,-3.1415926535897922
1.1924776252455296,-0.441117498011642,-3.1415926535897922
1.1724776252455296,-0.441117498011642,-3.1415926535897922
1.1524776252455295,-0.441117498011642,-3.1415926535897922
1.1324776252455295,-0.441117498011642,-3.1415926535897922
1.1124776252455295,-0.441117498011642,-3.1415926535897922
1.0924776252455295,-0.441117498011642,-3.1415926535897922
1.0724776252455295,-0.441117498011642,-3.1415926535897922
1.0524776252455295,-0.441117498011642,-3.1415926535897922
1.0324776252455294,-0.441117498011642,-3.1415926535897922
1.0124776252455294,-0.441117498011642,-3.1415926535897922
0.9924776252455294,-0.441117498011642,-3.1415926535897922
0.9724776252455294,-0.441117498011642,-3.1415926535897922
0.9524776252455294,-0.441117498011642,-3.1415926535897922
0.9324776252455294,-0.441117498011642,-3.1415926535897922
0.9124776252455293,-0.441117498011642,-3.1415926535897922
0.8924776252455293,-0.441117498011642,-3.1415926535897922
0.8724776252455293,-0.441117498011642,-3.1415926535897922
0.8524776252455293,-0.441117498011642,-3.1415926535897922
0.8324776252455293,-0.441117498011642,-3.1415926535897922
0.8124776252455292,-0.441117498011642,-3.1415926535897922
0.7924776252455292,-0.441117498011642,-3.1415926535897922
0.7724776252455292,-0.441117498011642,-3.1415926535897922
0.7524776252455292,-0.441117498011642,-3.1415926535897922
0.733570673677376,-0.4444513036960557,-2.9670597283903595
0.7155298704690266,-0.4510176190661491,-2.7925268031909267
0.6989033762968796,-0.46061692995211795,-2.617993877991494
0.6841963787729437,-0.4729575661501777,-2.443460952792061
0.671855742574884,-0.48766456367411354,-2.2689280275926285
0.6622564316889152,-0.5042910578462605,-2.0943951023931957
0.6556901163188218,-0.5223318610546099,-1.9198621771937627
0.6523563106344081,-0.5412388126227631,-1.7453292519943298
0.6523563106344081,-0.5604374343947007,-1.5707963267948968
0.6523563106344081,-0.5804374343947007,-1.5707963267948968
0.6523563106344081,-0.6004374343947008,-1.5707963267948968
0.6523563106344081,-0.6204374343947008,-1.5707963267948968
0.6523563106344081,-0.6404374343947008,-1.5707963267948968
0.6523563106344081,-0.6604374343947008,-1.5707963267948968
0.6523563106344081,-0.6804374343947008,-1.5707963267948968
0.6523563106344081,-0.7004374343947009,-1.5707963267948968
0.6523563106344081,-0.7204374343947009,-1.5707963267948968
0.6523563106344081,-0.7404374343947009,-1.5707963267948968
0.6523563106344081,-0.7604374343947009,-1.5707963267948968
0.6523563106344081,-0.7804374343947009,-1.5707963267948968
0.6490225049499945,-0.7993443859628541,-1.7453292519943298
0.642456189579901,-0.8173851891712035,-1.9198621771937627
0.6328568786939323,-0.8340116833433505,-2.0943951023931957
0.6205162424958726,-0.8487186808672864,-2.2689280275926285
0.6058092449719367,-0.8610593170653461,-2.443460952792061
0.5891827507997897,-0.8706586279513149,-2.617993877991494
0.5711419475914402,-0.8772249433214083,-2.7925268031909267
0.5522349960232871,-0.880558749005822,-2.9670597283903595
0.5330363742513494,-0.880558749005822,-3.1415926535897922
0.5141294226831963,-0.8838925546902356,-2.9670597283903595
0.49608861947484684,-0.8904588700603291,-2.7925268031909267
0.4794621253026998,-0.9000581809462979,-2.617993877991494
0.464755127778764,-0.9123988171443576,-2.443460952792061
0.45241449158070424,-0.9271058146682934,-2.2689280275926285
0.4428151806947354,-0.9437323088404405,-2.0943951023931957
0.436248865324642,-0.9617731120487899,-1.9198621771937627
0.4329150596402284,-0.980680063616943,-1.7453292519943298
0.4329150596402284,-0.9998786853888807,-1.5707963267948968
0.436248865324642,-1.0187856369570338,-1.3962634015954638
0.4428151806947354,-1.0368264401653833,-1.2217304763960308
0.45241449158070424,-1.0534529343375303,-1.0471975511965979
0.464755127778764,-1.068159931861466,-0.8726646259971649
0.4794621253026998,-1.0805005680595259,-0.6981317007977319
0.49608861947484684,-1.0900998789454948,-0.5235987755982989
0.5141294226831963,-1.0966661943155882,-0.34906585039886595
0.5330363742513494,-1.1000000000000019,-0.174532925199433
0.5522349960232871,-1.1000000000000019,-5.551115123125783e-17
0.5711419475914402,-1.0966661943155882,0.1745329251994329
0.5891827507997897,-1.0900998789454948,0.34906585039886584
0.6058092449719367,-1.0805005680595259,0.5235987755982988
0.6205162424958726,-1.068159931861466,0.6981317007977318
0.6328568786939323,-1.0534529343375303,0.8726646259971648
0.642456189579901,-1.0368264401653833,1.0471975511965976
0.6490225049499945,-1.0187856369570338,1.2217304763960306
0.6523563106344081,-0.9998786853888807,1.3962634015954636
0.6523563106344081,-0.980680063616943,1.5707963267948966
0.6556901163188218,-0.9617731120487899,1.3962634015954636
0.6622564316889152,-0.9437323088404405,1.2217304763960306
0.671855742574884,-0.9271058146682934,1.0471975511965976
0.6841963787729437,-0.9123988171443576,0.8726646259971647
0.6989033762968796,-0.9000581809462979,0.6981317007977317
0.7155298704690266,-0.8904588700603291,0.5235987755982987
0.733570673677376,-0.8838925546902356,0.34906585039886573
0.7524776252455292,-0.880558749005822,0.17453292519943278
0.7716762470174668,-0.880558749005822,-1.6653345369377348e-16
0.7916762470174669,-0.880558749005822,-1.6653345369377348e-16
0.8116762470174669,-0.880558749005822,-1.6653345369377348e-16
0.8316762470174669,-0.880558749005822,-1.6653345369377348e-16
0.8516762470174669,-0.880558749005822,-1.6653345369377348e-16
0.8716762470174669,-0.880558749005822,-1.6653345369377348e-16
0.891676247017467,-0.880558749005822,-1.6653345369377348e-16
0.911676247017467,-0.880558749005822,-1.6653345369377348e-16
0.931676247017467,-0.880558749005822,-1.6653345369377348e-16
0.951676247017467,-0.880558749005822,-1.6653345369377348e-16
0.971676247017467,-0.880558749005822,-1.6653345369377348e-16
0.991676247017467,-0.880558749005822,-1.6653345369377348e-16
1.011676247017467,-0.880558749005822,-1.6653345369377348e-16
1.031676247017467,-0.880558749005822,-1.6653345369377348e-16
1.051676247017467,-0.880558749005822,-1.6653345369377348e-16
1.071676247017467,-0.880558749005822,-1.6653345369377348e-16
1.091676247017467,-0.880558749005822,-1.6653345369377348e-16
1.111676247017467,-0.880558749005822,-1.6653345369377348e-16
1.131676247017467,-0.880558749005822,-1.6653345369377348e-16
1.151676247017467,-0.880558749005822,-1.6653345369377348e-16
1.171676247017467,-0.880558749005822,-1.6653345369377348e-16
1.191676247017467,-0.880558749005822,-1.6653345369377348e-16
1.2116762470174671,-0.880558749005822,-1.6653345369377348e-16
1.2316762470174671,-0.880558749005822,-1.6653345369377348e-16
1.2516762470174672,-0.880558749005822,-1.6653345369377348e-16
1.2716762470174672,-0.880558749005822,-1.6653345369377348e-16
1.2916762470174672,-0.880558749005822,-1.6653345369377348e-16
1.3116762470174672,-0.880558749005822,-1.6653345369377348e-16
1.3316762470174672,-0.880558749005822,-1.6653345369377348e-16
1.3516762470174672,-0.880558749005822,-1.6653345369377348e-16
1.3716762470174673,-0.880558749005822,-1.6653345369377348e-16
1.3916762470174673,-0.880558749005822,-1.6653345369377348e-16
1.4116762470174673,-0.880558749005822,-1.6653345369377348e-16
1.4316762470174673,-0.880558749005822,-1.6653345369377348e-16
1.4505831985856206,-0.8838925546902356,-0.17453292519943311
1.46862400179397,-0.8904588700603291,-0.34906585039886606
1.485250495966117,-0.9000581809462979,-0.523598775598299
1.4999574934900528,-0.9123988171443576,-0.698131700797732
1.5122981296881126,-0.9271058146682934,-0.872664625997165
1.5218974405740815,-0.9437323088404405,-1.0471975511965979
1.528463755944175,-0.9617731120487899,-1.2217304763960308
1.5317975616285886,-0.980680063616943,-1.3962634015954638
1.5317975616285886,-0.9998786853888807,-1.5707963267948968
1.5317975616285886,-1.0198786853888806,-1.5707963267948968
1.5317975616285886,-1.0398786853888806,-1.5707963267948968
1.5317975616285886,-1.0598786853888806,-1.5707963267948968
1.5317975616285886,-1.0798786853888807,-1.5707963267948968
1.5317975616285886,-1.0998786853888807,-1.5707963267948968
1.5317975616285886,-1.1198786853888807,-1.5707963267948968
1.5317975616285886,-1.1398786853888807,-1.5707963267948968
1.5317975616285886,-1.1598786853888807,-1.5707963267948968
1.5317975616285886,-1.1798786853888807,-1.5707963267948968
1.5317975616285886,-1.1998786853888808,-1.5707963267948968
1.5317975616285886,-1.2198786853888808,-1.5707963267948968
1.528463755944175,-1.238785636957034,-1.7453292519943298
1.5218974405740815,-1.2568264401653835,-1.9198621771937627
1.5122981296881126,-1.2734529343375305,-2.0943951023931957
1.4999574934900528,-1.2881599318614663,-2.2689280275926285
1.485250495966117,-1.300500568059526,-2.443460952792061
1.46862400179397,-1.310099878945495,-2.617993877991494
1.4505831985856206,-1.3166661943155884,-2.7925268031909267
1.4316762470174673,-1.320000000000002,-2.9670597283903595
1.4124776252455298,-1.320000000000002,-3.1415926535897922
1.3924776252455298,-1.320000000000002,-3.1415926535897922
1.3724776252455297,-1.320000000000002,-3.1415926535897922
1.3524776252455297,-1.320000000000002,-3.1415926535897922
1.3324776252455297,-1.320000000000002,-3.1415926535897922
1.3124776252455297,-1.320000000000002,-3.1415926535897922
1.2924776252455297,-1.320000000000002,-3.1415926535897922
1.2724776252455297,-1.320000000000002,-3.1415926535897922
1.2524776252455296,-1.320000000000002,-3.1415926535897922
1.2324776252455296,-1.320000000000002,-3.1415926535897922
1.2124776252455296,-1.320000000000002,-3.1415926535897922
1.1924776252455296,-1.320000000000002,-3.1415926535897922
1.1724776252455296,-1.320000000000002,-3.1415926535897922
1.1524776252455295,-1.320000000000002,-3.1415926535897922
1.1324776252455295,-1.320000000000002,-3.1415926535897922
1.1124776252455295,-1.320000000000002,-3.1415926535897922
1.0924776252455295,-1.320000000000002,-3.1415926535897922
1.0724776252455295,-1.320000000000002,-3.1415926535897922
1.0524776252455295,-1.320000000000002,-3.1415926535897922
1.0324776252455294,-1.320000000000002,-3.1415926535897922
1.0124776252455294,-1.320000000000002,-3.1415926535897922
0.9924776252455294,-1.320000000000002,-3.1415926535897922
0.9724776252455294,-1.320000000000002,-3.1415926535897922
0.9524776252455294,-1.320000000000002,-3.1415926535897922
0.9324776252455294,-1.320000000000002,-3.1415926535897922
0.9124776252455293,-1.320000000000002,-3.1415926535897922
0.8924776252455293,-1.320000000000002,-3.1415926535897922
0.8724776252455293,-1.320000000000002,-3.1415926535897922
0.8524776252455293,-1.320000000000002,-3.1415926535897922
0.8324776252455293,-1.320000000000002,-3.1415926535897922
0.8124776252455292,-1.320000000000002,-3.1415926535897922
0.7924776252455292,-1.320000000000002,-3.1415926535897922
0.7724776252455292,-1.320000000000002,-3.1415926535897922
0.7524776252455292,-1.320000000000002,-3.1415926535897922
0.733570673677376,-1.3233338056844157,-2.9670597283903595
0.7155298704690266,-1.3299001210545092,-2.7925268031909267
0.6989033762968796,-1.339499431940478,-2.617993877991494
0.6841963787729437,-1.3518400681385379,-2.443460952792061
0.671855742574884,-1.3665470656624736,-2.2689280275926285
0.6622564316889152,-1.3831735598346206,-2.0943951023931957
0.6556901163188218,-1.40121436304297,-1.9198621771937627
0.6523563106344081,-1.4201213146111233,-1.7453292519943298
0.6523563106344081,-1.4393199363830609,-1.5707963267948968
0.6523563106344081,-1.4576532697163942,-1.5707963267948968
0.6523563106344081,-1.4759866030497275,-1.5707963267948968
0.6523563106344081,-1.4943199363830608,-1.5707963267948968
0.6523563106344081,-1.5126532697163941,-1.5707963267948968
0.6523563106344081,-1.5309866030497274,-1.5707963267948968
0.6523563106344081,-1.5493199363830608,-1.5707963267948968
0.6523563106344081,-1.5493199363830608,-2.220446049250313e-16
0.6723563106344081,-1.5493199363830608,-2.220446049250313e-16
0.6923563106344082,-1.5493199363830608,-2.220446049250313e-16
0.7123563106344082,-1.5493199363830608,-2.220446049250313e-16
0.7323563106344082,-1.5493199363830608,-2.220446049250313e-16
0.7523563106344082,-1.5493199363830608,-2.220446049250313e-16
0.7723563106344082,-1.5493199363830608,-2.220446049250313e-16
0.7923563106344083,-1.5493199363830608,-2.220446049250313e-16
0.8123563106344083,-1.5493199363830608,-2.220446049250313e-16
0.8323563106344083,-1.5493199363830608,-2.220446049250313e-16
0.8523563106344083,-1.5493199363830608,-2.220446049250313e-16
0.8723563106344083,-1.5493199363830608,-2.220446049250313e-16
0.8923563106344083,-1.5493199363830608,-2.220446049250313e-16
0.9123563106344084,-1.5493199363830608,-2.220446049250313e-16
0.9323563106344084,-1.5493199363830608,-2.220446049250313e-16
0.9523563106344084,-1.5493199363830608,-2.220446049250313e-16
0.9723563106344084,-1.5493199363830608,-2.220446049250313e-16
0.9923563106344084,-1.5493199363830608,-2.220446049250313e-16
1.0123563106344085,-1.5493199363830608,-2.220446049250313e-16
1.0323563106344085,-1.5493199363830608,-2.220446049250313e-16
1.0523563106344085,-1.5493199363830608,-2.220446049250313e-16
1.0723563106344085,-1.5493199363830608,-2.220446049250313e-16
1.0923563106344085,-1.5493199363830608,-2.220446049250313e-16
1.1123563106344085,-1.5493199363830608,-2.220446049250313e-16
1.1323563106344086,-1.5493199363830608,-2.220446049250313e-16
1.1523563106344086,-1.5493199363830608,-2.220446049250313e-16
1.1723563106344086,-1.5493199363830608,-2.220446049250313e-16
1.1923563106344086,-1.5493199363830608,-2.220446049250313e-16
1.2123563106344086,-1.5493199363830608,-2.220446049250313e-16
1.2323563106344086,-1.5493199363830608,-2.220446049250313e-16
1.2523563106344087,-1.5493199363830608,-2.220446049250313e-16
1.2723563106344087,-1.5493199363830608,-2.220446049250313e-16
1.2923563106344087,-1.5493199363830608,-2.220446049250313e-16
1.3123563106344087,-1.5493199363830608,-2.220446049250313e-16
1.3123563106344087,-1.5493199363830608,-1.5707963267948968
1.3123563106344087,-1.567653269716394,-1.5707963267948968
1.3123563106344087,-1.5859866030497274,-1.5707963267948968
1.3123563106344087,-1.6043199363830607,-1.5707963267948968
1.3123563106344087,-1.622653269716394,-1.5707963267948968
1.3123563106344087,-1.6409866030497273,-1.5707963267948968
1.3123563106344087,-1.6593199363830606,-1.5707963267948968
1.3123563106344087,-1.6593199363830606,-3.141592653589793
1.2940229773010754,-1.6593199363830606,-3.141592653589793
1.275689643967742,-1.6593199363830606,-3.141592653589793
1.2573563106344088,-1.6593199363830606,-3.141592653589793
1.2390229773010755,-1.6593199363830606,-3.141592653589793
1.2206896439677422,-1.6593199363830606,-3.141592653589793
1.2023563106344088,-1.6593199363830606,-3.141592653589793
1.2023563106344088,-1.6593199363830606,-1.5707963267948966
1.2023563106344088,-1.6793199363830607,-1.5707963267948966
1.2023563106344088,-1.6993199363830607,-1.5707963267948966
1.2023563106344088,-1.7193199363830607,-1.5707963267948966
1.2023563106344088,-1.7393199363830607,-1.5707963267948966
1.2023563106344088,-1.7593199363830607,-1.5707963267948966
1.2023563106344088,-1.7793199363830607,-1.5707963267948966
1.2023563106344088,-1.7993199363830608,-1.5707963267948966
1.2023563106344088,-1.8193199363830608,-1.5707963267948966
1.2023563106344088,-1.8393199363830608,-1.5707963267948966
1.2023563106344088,-1.8593199363830608,-1.5707963267948966
1.2023563106344088,-1.8793199363830608,-1.5707963267948966
1.2023563106344088,-1.8993199363830608,-1.5707963267948966
1.2023563106344088,-1.9193199363830609,-1.5707963267948966
1.2023563106344088,-1.9393199363830609,-1.5707963267948966
1.2023563106344088,-1.959319936383061,-1.5707963267948966
1.2023563106344088,-1.979319936383061,-1.5707963267948966
1.2023563106344088,-1.999319936383061,-1.5707963267948966
1.2023563106344088,-2.0193199363830607,-1.5707963267948966
1.2023563106344088,-2.0393199363830607,-1.5707963267948966
1.2023563106344088,-2.0593199363830608,-1.5707963267948966
1.2023563106344088,-2.079319936383061,-1.5707963267948966
1.2023563106344088,-2.099319936383061,-1.5707963267948966
1.2023563106344088,-2.119319936383061,-1.5707963267948966
1.2023563106344088,-2.139319936383061,-1.5707963267948966
1.2023563106344088,-2.159319936383061,-1.5707963267948966
1.2023563106344088,-2.179319936383061,-1.5707963267948966
1.2023563106344088,-2.199319936383061,-1.5707963267948966
1.2023563106344088,-2.219319936383061,-1.5707963267948966
1.2023563106344088,-2.239319936383061,-1.5707963267948966
1.2023563106344088,-2.259319936383061,-1.5707963267948966
1.2023563106344088,-2.279319936383061,-1.5707963267948966
1.2023563106344088,-2.299319936383061,-1.5707963267948966
1.2023563106344088,-2.319319936383061,-1.5707963267948966
1.2023563106344088,-2.339319936383061,-1.5707963267948966
1.2023563106344088,-2.359319936383061,-1.5707963267948966
1.2023563106344088,-2.379319936383061,-1.5707963267948966
1.2023563106344088,-2.399319936383061,-1.5707963267948966
1.2023563106344088,-2.419319936383061,-1.5707963267948966
1.2023563106344088,-2.439319936383061,-1.5707963267948966
1.2023563106344088,-2.459319936383061,-1.5707963267948966
1.2023563106344088,-2.479319936383061,-1.5707963267948966
1.2023563106344088,-2.499319936383061,-1.5707963267948966
1.2023563106344088,-2.519319936383061,-1.5707963267948966
1.2023563106344088,-2.539319936383061,-1.5707963267948966
1.2023563106344088,-2.559319936383061,-1.5707963267948966
1.2023563106344088,-2.5793199363830612,-1.5707963267948966
1.2023563106344088,-2.5993199363830612,-1.5707963267948966
1.2023563106344088,-2.6193199363830613,-1.5707963267948966
1.2023563106344088,-2.6393199363830613,-1.5707963267948966
1.2023563106344088,-2.6593199363830613,-1.5707963267948966
1.2023563106344088,-2.6793199363830613,-1.5707963267948966
1.2023563106344088,-2.6993199363830613,-1.5707963267948966
1.2023563106344088,-2.7193199363830614,-1.5707963267948966
1.2023563106344088,-2.7393199363830614,-1.5707963267948966
1.2023563106344088,-2.7593199363830614,-1.5707963267948966
